<?xml version="1.0" encoding="UTF-8"?>
<suite thread-count="7" parallel="methods" name="Aynonmous">
<!-- <listeners> -->
<!-- <listener class-name="com.ch.utils.ParallelFactory"/> -->
<!-- </listeners> -->

	<test name="TBC Suite">
		<classes>		
	<class name="com.ch.tbc.testsMobile.MobileAnonymousUserOrYourStorePageTest"/>
				
				<class name="com.ch.tbc.tabletTest.AnonymousUserOrYourStorePageTabletTest"/>
				
			<class name="com.ch.tbc.tests.AnonymousUserOrYourStorePageTest"/>
			
			
		</classes>
	</test>
</suite>